title,description,publishedAt
Feeling Sexy? In This Economy?,"""Our sex lives can suffer when the world around us feels uncertain or even dangerous,"" writes Myisha Battle.",2025-03-20T11:00:00Z
Some European countries and Canada issue advisories for travelers to the U.S.,The advisories come after some citizens from European countries and Canada have been detained and deported by immigration officials while traveling to the United States.,2025-03-22T10:00:00Z
Trump’s Self-Inflicted Economic Wounds,"Trump inherited a strong economy. Now, economists say he has already started to tank it—and warn that a recession may be on the horizon.",2025-03-20T13:15:00Z
"The Fed holds interest rates. And, judge denies request to block DOGE's USIP takeover","The Federal Reserve held interest rates steady yesterday as concerns loom over President Trump's new tariffs. And, a judge denied a request to block DOGE's takeover of the U.S. Institute of Peace.",2025-03-20T10:52:23Z
This Quaint U.S. Exclave Is Grappling With Trump’s Trade War With Canada,"Locals in Point Roberts, Washington, are growing worried the border town can't survive the rising hostility between the U.S. and Canada.",2025-03-24T12:33:03Z
First-quarter US earnings outlook looks less rosy with tariff worries in focus,"Analysts are turning more cautious on U.S. corporate earnings for the first quarter of this year, with the Trump administration's policies threatening to...",2025-03-24T10:02:42Z
"With Trump, Smaller Nations Push for Climate Progress—Without the U.S.","Across three days of talks at the SEforAll Global Forum in Barbados, attention turned to paving a path forward—without the U.S.",2025-03-21T17:30:19Z
How Trump's firings could upend a 90-year-old Supreme Court ruling limiting his power,"Already, lower courts have found President Trump's removal of Democratic members of independent agencies to be unlawful. The Trump administration has appealed.",2025-03-21T09:00:00Z
Homeownership Has Always Impacted American Democracy,"Land and property ownership have colored politics in the U.S. for more than 400 years. Now, home ownership is out of reach for many.",2025-03-25T17:39:14Z
Gunman who killed 23 in Texas Walmart attack can avoid death penalty with plea deal,El Paso County District Attorney James Montoya said that his decision in the prosecution of Patrick Crusius was driven by a majority of victims' relatives who wanted the case behind them.,2025-03-26T06:10:26Z
Russia's next move? The countries trying to Putin-proof themselves,The countries on Nato's eastern flank are preparing for the possibility of being targeted by Russia,2025-03-20T17:02:00Z
Trump criticizes Fed decision to maintain interest rates,Trump's comments came hours after the Fed opted to hold interest rates steady.,2025-03-20T15:20:18Z
U.S. manufacturing is shrinking again as Trump's tariffs set in,"Manufacturing shrank again this month, after a brief reprieve in in January and February, according to the flash manufacturing Purchasing Managers Index (PMI) for March. The entire economy is probably slowing, Citi (C) analysts wrote.Read more...",2025-03-24T18:05:00Z
Teachers sue Trump: Prepare for 'enormous harm' if the Education Department is eliminated,"Teachers, professors, advocates, and unions said that student-loan borrowers and America's schools are at risk with Trump's education plans.",2025-03-24T17:54:26Z
Tesla bull Cathie Wood says it isn’t just Elon Musk’s politics that are causing Tesla’s ‘demand hit.’ It’s also a bad economy,"Earlier this week, Wood issued a major bull call on Tesla, expecting its stock to rise roughly 10 times over the next five years.",2025-03-25T17:02:09Z
How Tariffs Work—And What Economic Studies Show about Their Real Impact,President Donald Trump is threatening steep tariffs on virtually all imports. Here’s what that means and what economics research suggests would be the impact,2025-03-21T12:00:00Z
Trump has begun another trade war. Here's a timeline of how we got here,"Long-threatened tariffs from U.S. President Donald Trump have plunged the country into a global trade war — all while on-again, off-again new levies continue...",2025-03-25T18:35:43Z
The 5 best places in America to buy a house right now,"Buying a home is often the culmination of years of hard work and sacrifice. For many Americans, home ownership can provide long-term stability – but a shifting economy means that would-be homeowners have new obstacles to navigate.Read more...",2025-03-24T09:00:00Z
Is A Recession Looming? An Economic Update From Fed Chair Powell,Is the U.S. headed for a recession? Millions of Americans are asking this question. Here's what Fed Chair Powell had to say about the U.S. economy.,2025-03-20T22:22:19Z
A Department of Education Office Changed My Life. Now It’s Been Cut,Novelist Lydia Kiesling on lost jobs and possibilities,2025-03-20T11:00:00Z
"New polling suggests many Americans will travel more in 2025, but could economic headwinds change that?","You’ve no doubt seen the headlines: The Federal Reserve continues to raise concerns about the health of the economy, and we keep seeing steep declines on Wall Street. American Airlines, Delta Air Lines and Southwest Airlines have all warned that revenue in th…",2025-03-24T13:00:32Z
"Quebec budget responds 'with strength' to Trump tariffs, plunges province deeper into debt",The government’s messaging for this year’s budget centred around the need to invest in the Quebec economy to better position it in the face of U.S. President Donald Trump’s tariff threats but the deficit will hit a record high.,2025-03-25T09:17:45Z
Trump officials’ war-plan goof was scary. What it revealed about Vance might be worse | Opinion,Does the VP understand what vital American interests are? | Opinion,2025-03-25T18:01:36Z
It’s Time To Buy Foreign Stocks—Here’s How And Where,"Does the Trump economy have you on edge? Send money overseas, using this guide to international stock funds with a sortable list of 48 Best Buys.",2025-03-22T10:30:00Z
10 Monday AM Reads,My back-to-work morning train WFH reads: • Investors Who Were All In on U.S. Stocks Are Starting to Look Elsewhere: American exceptionalism was this year’s big trade. Now some are hedging their bets. (Wall Street Journal) • Dollar Devaluation and the Antisyst…,2025-03-24T10:30:43Z
"Treasury Yields, Dollar Jump on U.S. PMI Surveys","9 min ago
Treasury Yields, Dollar Jump on U.S. PMI Surveys
Treasury yields and the dollar strengthen as flash U.S. PMI shows signs of resilience in an economy feared to be slowing under the weigh of tariffs.
March manufacturing PMI was slower than expected, f…",2025-03-24T14:56:20Z
The Economic Contributions And Struggles Of Latinas,Latinas make significant contributions to the economy while personally many struggle with low wages & structural barriers to improving their own economic condition.,2025-03-21T15:00:20Z
"The U.S. is not prepared to win an economic war against China-built containerships, farmers, ocean carriers warn","The US wants steep fines on Chinese vessels to revive domestic shipbuilding, but the economy, from farmers to ocean carriers, say a huge price will be paid.",2025-03-24T17:58:16Z
“Pausing” FCPA Enforcement – Much Ado About Nothing New?,The irony is that FCPA enforcement actually has advanced American businesses’ competitiveness in the global economy.,2025-03-21T14:51:00Z
Is the Trump conflict with judges a constitutional crisis? What to know,Legal experts warn that the country is sliding toward a constitutional crisis as President Donald Trump openly defies the federal courts.,2025-03-21T09:20:12Z
"Trump's 'radical' policies are putting American prosperity at risk, economist says","President Donald Trump has upended the global geopolitical order in place for more than 70 years with major economic consequences that have only begun to be felt, and which won’t help the U.S., according to economist David McWilliams.Read more...",2025-03-20T19:01:00Z
What is the Midwest's role in the great immigration debate?,"The highest concentrations of undocumented immigrants in Midwest states are in cities with ""sanctuary"" policies.",2025-03-24T15:00:59Z
Weather Balloon Cuts Announced This Week Could Harm Weather Forecasts,"This week the National Weather Service announced reductions in weather balloon launches. Experts warn that could harm weather forecast accuracy, the economy and safety.",2025-03-21T12:35:55Z
Delta Air Lines announces new Hawaii route from its Salt Lake City hub and more flights next winter,"Delta Air Lines is adding a 17th route from the U.S. mainland to Hawaii this coming winter — and is connecting its Salt Lake City International Airport (SLC) hub with a new Hawaiian island in the process. This December, Delta will launch new nonstop service f…",2025-03-21T20:30:08Z
Survival in the face of tariffs top of mind for these Ontario voters as federal election gets underway,"Ontarians say they want candidates in the federal election to talk about what they can do to minimize the ripple effect of U.S. tariffs on Canadian goods. They are worried about the continued impact tariffs are having on small businesses, local economy and th…",2025-03-23T17:31:57Z
How Trump Brought a Divided Canada Together—Against Him,"Though it has been something of a slow-burn news story on the American side of the world’s longest undefended border, President Donald Trump’s constant threats of annexation, along with his chaotic and unnecessary trade war, have accomplished something he pro…",2025-03-20T10:00:00Z
Stock market today: Wall Street edges lower despite solid data on the economy,"U.S. stock indexes edged lower Thursday following another reminder that big, unsettling policy changes are underway because of President Donald Trump, along ...",2025-03-20T04:20:22Z
U.S. Consolidates Position Among Highest-Spending Cities,"In 2020, there were five U.S. entries among the cities with the biggest consumer spending in the world. This will grow to six by 2040, while other top regions reshuffle.",2025-03-21T15:43:01Z
"The probability of a recession is approaching 50%, Deutsche markets survey finds","Chances that the U.S. is heading for a recession are close to 50-50, according to a Deutsche Bank survey that raises more questions about the direction of the U.S. economy.",2025-03-24T18:59:29Z
Beyond The Zero-Sum Game: Worker And Business Success Go Hand In Hand,"It's time to end the tug-of-war between worker advocates and business leaders, and focus on our shared goal: a stronger economy built on quality jobs.",2025-03-24T19:47:17Z
Forget celebrity versus creator — it’s about the hybrid strategy in a $10B creator economy,"Celebrities and creators draw from each other’s marketing and monetization tactics. To find the best partner, brands have to balance the two.",2025-03-20T04:01:00Z
U.S. tariffs disrupt the tech industry: 8 vital things you need to know,"Look just about anywhere, and you’ll see news of tariffs. A trade war has broken out between the U.S. and select countries—the American government is now imposing taxes on goods arriving from China, select products from Canada, and all steel and aluminum impo…",2025-03-20T10:30:00Z
Canada’s Tariff Conflict With The U.S. Turns Energy Into A Weapon,Weaponizing energy trade between the U.S. and Canada broke with decades of cooperation—and might set a troubling precedent for energy diplomacy in North America,2025-03-25T19:21:20Z
"790,000 Jobs, $160 Billion GDP: Shocking Costs Of Inflation Reduction Act Repeal","Inflation Reduction Act repeal would harm America's economy, costing 790,000 jobs, cutting $160 billion in GDP, and forcing families to pay $32 billion in energy costs",2025-03-23T13:30:00Z
Philanthropic Giving To U.S. Colleges Increased 3% Last Year,"Philanthropic gifts to American colleges totaled $61.5 billion in FY 2024, according to the newest annual report from the Council for Advancement & Support of Education.",2025-03-20T12:04:54Z
Stocks waver as investors ponder rising economic uncertainty,The Federal Reserve's downbeat outlook on the U.S. economy is a wake-up call for investors.,2025-03-20T15:32:21Z
Consumer Confidence Plunges To 4-Year Low As Recession Anxiety Resurfaces,A recession indicator from the Conference Board flashed its most alarming reading since 2013.,2025-03-25T14:26:04Z
Dow jumps 598 points as Trump eases off on tariff plans,"Stocks surged on Monday as Donald Trump said he may scale back tariffs set to be unveiled on April. 2. The Nasdaq Composite index gained 2.3%, as all Magnificent 7 stocks surged, the S&P 500 gained 1.8%, and the Dow Jones industrial average gained 1.4%, or al…",2025-03-24T21:00:00Z
"XRP, DOGE Rise, Ether Burn Falls to Record Low as Traders Eye This Week's U.S. Data","A risk-off mood persists but is weakened on Monday amid reports suggesting that U.S. tariffs, due on April 2, might be more measured than initially expected.",2025-03-24T08:50:36Z
"FedEx cuts full-year results forecast on 'uncertainty' in economy, bad weather","(Reuters) -FedEx Corp lowered its full-year profit and revenue forecasts on Thursday, as the parcel delivery firm battles stubbornly soft demand and...",2025-03-20T20:09:44Z
The 5 best beaches in America for family vacations,"With spring break under way and summer vacation fast approaching, many American families are finding themselves dreaming of days at the beach.Read more...",2025-03-20T09:00:00Z
Germany And UK Warn Of Travel To US After Reports Of Detentions,Two major European countries are warning citizens about travel to the U.S. following high-profile cases in which American federal immigration authorities detained tourists and U.S. green cardholders trying to enter the country.,2025-03-21T15:32:27Z
No evidence clip of Vance criticizing Musk is authentic,An audio clip authentically features U.S. Vice President JD Vance criticizing tech billionaire Elon Musk.,2025-03-24T20:09:00Z
Moody’s Heaps Further Pressure on Mexico’s Economy by Changing Outlook of Banking System to Negative,"This time, it's not just Wall Street banks that should be worried about the contagion risks of a full-blown banking crisis in Mexico. So, too, should their European counterparts.",2025-03-21T10:45:51Z
U.S. Jewelry Market Is Cooling As Luxury Consumers Pull Back On Planned Purchases,"The U.S. jewelry market grew 5% in 2024 to $85.4 billion, but affluent consumers are pulling back on planned jewelry purchases this year.",2025-03-23T09:00:00Z
The Blood on the Keyboard,The history of ivory-topped piano keys and the invisible human suffering caused by our cultural commodities.,2025-03-25T19:54:22Z
3 Takeaways For Small Business From The Fed’s Interest Rate Decision,The FOMC statement said that recent indicators suggest that economic activity has continued to expand at a solid pace.,2025-03-20T09:45:31Z
Evangelina Rodríguez Traveled to Paris to Revolutionize Health Care in the Dominican Republic,"Andrea Evangelina Rodríguez Perozo, the Dominican Republic’s first female doctor, raised the funds to set sail for Paris so that she can learn about the latest advances in women’s health",2025-03-20T16:00:00Z
"Australia Proposes New Crypto Regulation Structure, Plans to Integrate Digital Assets Into the Economy","The government's plan will direct different parts of the government to research different aspects of digital assets, including tokenization and CBDCs.",2025-03-21T07:12:48Z
"BYD, Dollar Tree, Walgreens, Lululemon: Stocks to watch this week","The Federal Reserve’s favorite inflation measure picked up in February and may head to a level later in 2025 that will prompt policymakers to keep interest rates on hold, some economists said. That sets up a conflict with President Donald Trump, who’s lobbied…",2025-03-23T09:00:00Z
10 Fastest Growing Side Hustles Across The U.S. And Canada In 2025,"Discover the fastest growing side hustles gaining momentum in 2025, with some Millennial ""polyworkers"" making as much as $45,000 annually from side hustles.",2025-03-25T22:21:39Z
"Nvidia, Micron, Nike, Darden, Zeekr, FedEx, Accenture: Stocks to watch today","Stocks fell in premarket trading today after the Federal Reserve raised its inflation forecasts and trimmed its GDP outlook. Futures tied to the S&P 500 index, the Nasdaq 100 and the Dow Jones Industrial average all pointed to a slightly lower open.Read more.…",2025-03-20T11:46:00Z
Consumer confidence falls to 12-year low as Americans fret over economy,"Consumer confidence continues to wane as Americans worry about the economy, jobs and their income.",2025-03-25T21:39:53Z
Cleveland-Cliffs Stock Drop More?,"The company reported a larger-than-expected loss of $0.68 per share and fell short of revenue expectations, which led to a significant drop in investor confidence.",2025-03-20T10:38:51Z
NVIDIA Bets Big On American AI Manufacturing Despite Stock Warning,"NVIDIA doubles down on U.S. AI manufacturing amid stock volatility, betting big on agentic AI to revolutionize defense, health care and global industries.",2025-03-24T16:08:06Z
"Stocks edge higher, US dollar slips as tariff uncertainty weighs","Global stocks were slightly higher on Tuesday, after a sharp rally in the prior session on hopes that U.S. President Donald Trump would take a more measured ...",2025-03-25T02:21:42Z
Five Critical Indicators To Gauge Recession Risk,Avoiding a recession has led to better returns after a stock correction. Monitoring these indicators can help provide an early warning about increased recession risks.,2025-03-23T11:00:00Z
The Impact Of New Tariff Policies And How To Prepare As A Job Seeker,"This sharp pivot in trade strategy is poised to affect economic stability, which doesn’t bode well for American businesses, the stock market, and consumers.",2025-03-25T16:46:40Z
"INSANE TARIFFS over TWO HUNDRED PERCENT are actually coming from Canadaâs exports to USA imposed on milk, whey, cheese and butter","<table><tr><td></td><td>(NaturalNews) Democrats and Tariffs: Democrats and left-leaning analysts criticize Trump's tariffs, claiming they harm the U.S. economy, while ignoring...</td></tr></table>",2025-03-22T06:00:00Z
Gutting clean energy incentives would drive up electric bills,Rising energy costs are a problem in the U.S. Ending Inflation Reduction Act tax credits and ramping up fossil fuels would make it even worse.,2025-03-22T13:00:00Z
Here's how Toronto is responding to U.S. tariffs on Canada,"Amid the ongoing trade war between the U.S. and Canada, the City of Toronto is actively working to protect its businesses, workers, and residents from the economic impacts of tariffs either imposed or threatened by the Trump administration.
As part of its ef…",2025-03-24T16:23:59Z
Larry Fink Says The U.S. Needs A Social Security Plan Where 'Every American Can Grow With Our Economy',"BlackRock (NYSE:BLK) CEO Larry Fink recently weighed in on the ongoing debate about Social Security's future, advocating for a plan that would allow...",2025-03-20T21:25:42Z
4 Fidelity Mutual Funds to Buy Amid Market Uncertainty,"Invest in Fidelity mutual funds like FSELX, FSPCX, FMILX and FCLKX for long-term gains.",2025-03-20T15:53:00Z
Recession Watch for Travel? These Hotel Insiders Don’t See it (Yet),"U.S. hotel executives say they're maintaining cautious optimism while vigilantly monitoring shifts in consumer confidence, government spending, and regional demand patterns. -Sean O'Neill",2025-03-21T14:39:23Z
Austin’s Property Boom Brings Bolder New-Build Luxury To A Balanced Market,"The bidding wars of 2021 made Austin the ""hottest market in the U.S."" Now the Texas capital is leaning in to a more balanced pace of new construction and bold contemporary design.",2025-03-25T16:48:20Z
"Trump’s Desire to ‘Un-Unite’ Russia and China Is Unlikely to Work – In Fact, It Could Well Backfire","The oh-so-clever US intends to drive a wedge between China and Russia, after having been mean to Russia and still mean to China.",2025-03-25T14:01:50Z
Visa Stock To $220?,"Although such a drastic move might appear extreme, it has happened before and could occur again.",2025-03-21T09:00:00Z
"High Inflation Expectations Introduce New Business Risks, WEF Reports",The WEF report highlights trends and offers insights into how business leaders can prepare for the challenges ahead.,2025-03-20T09:45:00Z
"Futures higher, Trump tariff report in focus, PMIs ahead - what's moving markets","Investing.com - U.S. stock futures climb on Monday, with reports suggesting that a key upcoming tariff announcement from President Donald Trump will be less ...",2025-03-24T09:22:54Z
"Best U.S. States to Live In 2025, Ranked from Worst to Best","Every year, U.S. News & World Report determines a ranking of the best places to live in the United States and you might be wondering where your hometown ranks! The ranking from 2024 is still current for the new year as of this time. The company considers 71 d…",2025-03-26T00:04:56Z
"Copper, Once Positively Correlated to Bitcoin, Nears Record High. Will BTC Follow Suit?","Copper's rise is likely led by Trump's tariffs, weakening its appeal as leading indicator for risk assets, including cryptocurrencies.",2025-03-20T12:59:53Z
China frees staff of U.S. firm Mintz in move to soothe foreign sentiment,China released five employees of the U.S. corporate due diligence firm Mintz who were detained two years ago as it seeks to reassure foreign firms.,2025-03-25T08:55:21Z
UAEâs $1.4 trillion bet on America: A strategic win for Trumpâs economic vision,"The UAE has pledged $1.4 trillion to the U.S. economy over the next decade — one of the largest foreign investment commitments in American history — bolstering sectors like AI, semiconductors, energy and manufacturing. The deal signals the UAE’s geopolitical …",2025-03-25T06:00:00Z
"INSANE TARIFFS over TWO HUNDRED PERCENT are actually coming from Canadaâs exports to USA imposed on milk, whey, cheese and butter","Democrats and Tariffs: Democrats and left-leaning analysts criticize Trump’s tariffs, claiming they harm the U.S. economy, while ignoring Canada’s high tariffs on U.S. dairy and agricultural products, which have been in place for years. Economic Impact and Jo…",2025-03-22T06:00:00Z
A Warning for Columbia University,Surrendering to the Trump administration’s $400 million ransom demand would be a disaster for higher education and for the United States.,2025-03-20T21:22:00Z
The Media Is Responding to Trump With a Huge Face-Plant,"In February of 2021, a fitness instructor named Khing Hnin Wai shot what might be history’s most viral aerobics lesson. Filming herself in front of a major thoroughfare in Myanmar’s capital city, Khing went through her paces, gyrating purposefully to some up-…",2025-03-22T10:00:00Z
Tariffs: What Brands And Retailers Need To Know And Do,Tariffs are now an issue that every retailer and consumer brand needs to deal with and be flexible about.,2025-03-20T12:38:31Z
"Monday, March 24. Russia’s War On Ukraine: News And Information From Ukraine","Dispatches from Ukraine. Day 1,125.",2025-03-24T23:41:59Z
FedEx Executive Issues Economy Warning,"The company's vice president warned of ""continued weakness and uncertainty in the U.S. industrial economy.""",2025-03-25T17:29:17Z
10 rumors about Trump's stated wishes to expand the US,"U.S. President Donald Trump has repeatedly said he wants to annex Greenland, Canada and the Panama Canal.",2025-03-22T18:00:00Z
Digital imperialism: How US Social Media Firms Are Using American Law to Challenge Global Tech Regulation,An update on the hard-fought battle between foreign states trying to regulate social media platforms and the broligarchs.,2025-03-22T10:16:48Z
"Forbes Daily: 23andMe Files For Bankruptcy, CEO Exits To Pursue Bid","Today’s Forbes Daily covers new potential leaders at Tesla, Canada’s upcoming elections, the new Boston Celtics owner, tips on buying foreign stocks and more.",2025-03-24T12:23:55Z
South Korean court reinstates Han Duck-soo as acting president,"South Korea's Constitutional Court reinstated Prime Minister Han Duck-soo's powers on Monday, the latest twist in the country's recent turbulent politics after his impeachment as acting president nearly three months ago.",2025-03-24T11:23:47Z
"U.S. infrastructure's ""C"" grade from engineers comes with a warning","A once-every-four-year report card on the upkeep of America's infrastructure gave it a ""C"" grade on Tuesday, up slightly from previous reports.",2025-03-25T12:15:44Z
"Morning Bid: UK red tape, red ink, and Rachel's rules","Britain's government gets another report card on its  efforts to curtail spending while Germany, in contrast, goes for a final vote on its big borrow-to...",2025-03-21T05:32:59Z
PM Carney meeting with premiers today before expected Sunday election call,Prime Minister Mark Carney is hosting a meeting with Canada's premiers at the Canadian War Museum in Ottawa on Friday.,2025-03-21T08:00:00Z
The Digital Chamber Releases US Blockchain Roadmap: Securing America's Leadership In The 21st-Century Digital Economy,"The Digital Chamber, ahead of the much-anticipated DC Blockchain Summit, released the U.S. Blockchain Roadmap, a policy framework that seeks to ensure the nation retains its place as the global leader in digital innovation.",2025-03-25T09:00:04Z
How tariffs would hurt Kansas economic growth and prosperity | Opinion,"Roughly 20% of our local economy is impacted by international trade with Canada, with $1.9 billion in goods imported to Canada directly from Kansas.",2025-03-22T09:06:33Z
China's restaurants race to the bottom in deflation-hit economy,"""For the average person, opening a restaurant is almost a guaranteed failure,"" said the 38-year-old who sells used kitchen equipment.  Behind every appliance...",2025-03-21T01:04:03Z
"Stock market today: Wall Street rises on signals the US economy remains solid, for now at least","U.S. stocks are drifting higher following signals that the U.S. economy remains solid, for the moment at least.",2025-03-20T15:15:17Z
